INSERT INTO Pessoa(id_pessoa, email, nome_pessoa) VALUES (2, 'alice@gmail.com','Alice');
INSERT INTO Pessoa(id_pessoa, email, nome_pessoa) VALUES (3, 'sophia@gmail.com','Sophia');
INSERT INTO Pessoa(id_pessoa, email, nome_pessoa) VALUES (4, 'helena@gmail.com','Helena');
INSERT INTO Pessoa(id_pessoa, email, nome_pessoa) VALUES (5, 'valentina@gmail.com','Valentina');
INSERT INTO Pessoa(id_pessoa, email, nome_pessoa) VALUES (6, 'laura@gmail.com','Laura');
INSERT INTO Pessoa(id_pessoa, email, nome_pessoa) VALUES (7, 'isabella@gmail.com','Isabella');
INSERT INTO Pessoa(id_pessoa, email, nome_pessoa) VALUES (8, 'manuela@gmail.com','Manuela');
INSERT INTO Pessoa(id_pessoa, email, nome_pessoa) VALUES (9, 'julia@gmail.com','Julia');
INSERT INTO Pessoa(id_pessoa, email, nome_pessoa) VALUES (10, 'heloisa@gmail.com','Heloisa');
INSERT INTO Pessoa(id_pessoa, email, nome_pessoa) VALUES (11, 'luiza@gmail.com','Luiza');
INSERT INTO Pessoa(id_pessoa, email, nome_pessoa) VALUES (12, 'emanuelly@gmail.com','Emanuelly');
INSERT INTO Pessoa(id_pessoa, email, nome_pessoa) VALUES (13, 'lorena@gmail.com','Lorena');
INSERT INTO Pessoa(id_pessoa, email, nome_pessoa) VALUES (14, 'lívia@gmail.com','Lívia');
INSERT INTO Pessoa(id_pessoa, email, nome_pessoa) VALUES (15, 'giovanna@gmail.com','Giovanna');
INSERT INTO Pessoa(id_pessoa, email, nome_pessoa) VALUES (16, 'isadora@gmail.com','Isadora');
INSERT INTO Pessoa(id_pessoa, email, nome_pessoa) VALUES (17, 'beatriz@gmail.com','Beatriz');
INSERT INTO Pessoa(id_pessoa, email, nome_pessoa) VALUES (18, 'mariana@gmail.com','Mariana');
INSERT INTO Pessoa(id_pessoa, email, nome_pessoa) VALUES (19, 'cecília@gmail.com','Cecília');
INSERT INTO Pessoa(id_pessoa, email, nome_pessoa) VALUES (20, 'eloa@gmail.com','Eloa');
INSERT INTO Pessoa(id_pessoa, email, nome_pessoa) VALUES (21, 'lara@gmail.com','Lara');
INSERT INTO Pessoa(id_pessoa, email, nome_pessoa) VALUES (22, 'miguel@gmail.com','Miguel');
INSERT INTO Pessoa(id_pessoa, email, nome_pessoa) VALUES (23, 'arthur@gmail.com','Arthur');
INSERT INTO Pessoa(id_pessoa, email, nome_pessoa) VALUES (24, 'bernardo@gmail.com','Bernardo');
INSERT INTO Pessoa(id_pessoa, email, nome_pessoa) VALUES (25, 'heitor@gmail.com','Heitor');
INSERT INTO Pessoa(id_pessoa, email, nome_pessoa) VALUES (26, 'davi@gmail.com','Davi');
INSERT INTO Pessoa(id_pessoa, email, nome_pessoa) VALUES (27, 'lorenzo@gmail.com','Lorenzo');
INSERT INTO Pessoa(id_pessoa, email, nome_pessoa) VALUES (28, 'theo@gmail.com','Theo');
INSERT INTO Pessoa(id_pessoa, email, nome_pessoa) VALUES (29, 'pedro@gmail.com','Pedro');
INSERT INTO Pessoa(id_pessoa, email, nome_pessoa) VALUES (30, 'gabriel@gmail.com','Gabriel');
INSERT INTO Pessoa(id_pessoa, email, nome_pessoa) VALUES (31, 'enzo@gmail.com','Enzo');
INSERT INTO Pessoa(id_pessoa, email, nome_pessoa) VALUES (32, 'matheus@gmail.com','Matheus');
INSERT INTO Pessoa(id_pessoa, email, nome_pessoa) VALUES (33, 'lucas@gmail.com','Lucas');
INSERT INTO Pessoa(id_pessoa, email, nome_pessoa) VALUES (34, 'benjamin@gmail.com','Benjamin');
INSERT INTO Pessoa(id_pessoa, email, nome_pessoa) VALUES (35, 'nicolas@gmail.com','Nicolas');
INSERT INTO Pessoa(id_pessoa, email, nome_pessoa) VALUES (36, 'guilherme@gmail.com','Guilherme');
INSERT INTO Pessoa(id_pessoa, email, nome_pessoa) VALUES (37, 'rafael@gmail.com','Rafael');
INSERT INTO Pessoa(id_pessoa, email, nome_pessoa) VALUES (38, 'joaquim@gmail.com','Joaquim');
INSERT INTO Pessoa(id_pessoa, email, nome_pessoa) VALUES (39, 'samuel@gmail.com','Samuel');
INSERT INTO Pessoa(id_pessoa, email, nome_pessoa) VALUES (40, 'henrique@gmail.com','Henrique');

INSERT INTO Grupo_de_Pelada(id_grupo_de_pelada, nome, descricao, id_adm) VALUES (1, 'Girls','',4);
INSERT INTO Grupo_de_Pelada(id_grupo_de_pelada, nome, descricao, id_adm) VALUES (2, 'Boys','',22);
INSERT INTO Grupo_de_Pelada(id_grupo_de_pelada, nome, descricao, id_adm) VALUES (3, 'Mista','',11);
INSERT INTO Grupo_de_Pelada(id_grupo_de_pelada, nome, descricao, id_adm) VALUES (4, 'Cerveja','',26);
INSERT INTO Grupo_de_Pelada(id_grupo_de_pelada, nome, descricao, id_adm) VALUES (5, 'Vodka','',15);
INSERT INTO Grupo_de_Pelada(id_grupo_de_pelada, nome, descricao, id_adm) VALUES (6, 'Catuaba','',1);

INSERT INTO Pelada(id_pelada, lugar, preco, inicio, fim, id_grupo_de_pelada) VALUES (5, 'Lugar5',8,'2019-06-10 22:42:59','2019-06-11 00:42:30',1);
INSERT INTO Pelada(id_pelada, lugar, preco, inicio, fim, id_grupo_de_pelada) VALUES (12, 'Lugar12',4,'2019-04-17 03:12:18','2019-04-17 05:11:49',1);
INSERT INTO Pelada(id_pelada, lugar, preco, inicio, fim, id_grupo_de_pelada) VALUES (26, 'Lugar26',9,'2020-04-02 07:25:57','2020-04-02 09:25:29',1);
INSERT INTO Pelada(id_pelada, lugar, preco, inicio, fim, id_grupo_de_pelada) VALUES (28, 'Lugar28',3,'2019-08-31 02:42:33','2019-08-31 04:42:04',1);
INSERT INTO Pelada(id_pelada, lugar, preco, inicio, fim, id_grupo_de_pelada) VALUES (29, 'Lugar29',9,'2019-11-27 02:36:38','2019-11-27 04:36:09',1);
INSERT INTO Pelada(id_pelada, lugar, preco, inicio, fim, id_grupo_de_pelada) VALUES (15, 'Lugar15',4,'2018-09-16 15:23:38','2018-09-16 17:23:10',2);
INSERT INTO Pelada(id_pelada, lugar, preco, inicio, fim, id_grupo_de_pelada) VALUES (22, 'Lugar22',3,'2019-11-13 13:55:06','2019-11-13 15:54:37',2);
INSERT INTO Pelada(id_pelada, lugar, preco, inicio, fim, id_grupo_de_pelada) VALUES (11, 'Lugar11',8,'2019-04-27 20:13:45','2019-04-27 22:13:17',3);
INSERT INTO Pelada(id_pelada, lugar, preco, inicio, fim, id_grupo_de_pelada) VALUES (13, 'Lugar13',13,'2020-05-20 21:48:59','2020-05-20 23:48:31',3);
INSERT INTO Pelada(id_pelada, lugar, preco, inicio, fim, id_grupo_de_pelada) VALUES (20, 'Lugar20',11,'2018-09-20 17:37:10','2018-09-20 19:36:42',3);
INSERT INTO Pelada(id_pelada, lugar, preco, inicio, fim, id_grupo_de_pelada) VALUES (23, 'Lugar23',14,'2018-11-28 02:29:20','2018-11-28 04:28:51',3);
INSERT INTO Pelada(id_pelada, lugar, preco, inicio, fim, id_grupo_de_pelada) VALUES (2, 'Rua Roldão Ferreira Torres',7,'2019-08-07 10:05:20','2019-08-07 12:04:51',4);
INSERT INTO Pelada(id_pelada, lugar, preco, inicio, fim, id_grupo_de_pelada) VALUES (6, 'Lugar6',11,'2020-04-15 18:53:13','2020-04-15 20:52:44',4);
INSERT INTO Pelada(id_pelada, lugar, preco, inicio, fim, id_grupo_de_pelada) VALUES (9, 'Lugar9',7,'2019-09-30 20:37:21','2019-09-30 22:36:52',4);
INSERT INTO Pelada(id_pelada, lugar, preco, inicio, fim, id_grupo_de_pelada) VALUES (14, 'Lugar14',6,'2019-10-02 03:34:53','2019-10-02 05:34:24',4);
INSERT INTO Pelada(id_pelada, lugar, preco, inicio, fim, id_grupo_de_pelada) VALUES (17, 'Lugar17',4,'2019-01-10 16:24:00','2019-01-10 18:23:32',4);
INSERT INTO Pelada(id_pelada, lugar, preco, inicio, fim, id_grupo_de_pelada) VALUES (19, 'Lugar19',8,'2018-10-16 18:25:40','2018-10-16 20:25:11',4);
INSERT INTO Pelada(id_pelada, lugar, preco, inicio, fim, id_grupo_de_pelada) VALUES (4, 'Lugar4',5,'2018-09-09 17:47:10','2018-09-09 19:46:41',5);
INSERT INTO Pelada(id_pelada, lugar, preco, inicio, fim, id_grupo_de_pelada) VALUES (7, 'Lugar7',15,'2019-01-29 18:25:44','2019-01-29 20:25:15',5);
INSERT INTO Pelada(id_pelada, lugar, preco, inicio, fim, id_grupo_de_pelada) VALUES (8, 'Lugar8',8,'2020-05-22 11:38:44','2020-05-22 13:38:15',5);
INSERT INTO Pelada(id_pelada, lugar, preco, inicio, fim, id_grupo_de_pelada) VALUES (10, 'Lugar10',8,'2020-04-16 08:12:47','2020-04-16 10:12:19',5);
INSERT INTO Pelada(id_pelada, lugar, preco, inicio, fim, id_grupo_de_pelada) VALUES (18, 'Lugar18',3,'2019-06-05 11:19:58','2019-06-05 13:19:30',5);
INSERT INTO Pelada(id_pelada, lugar, preco, inicio, fim, id_grupo_de_pelada) VALUES (21, 'Lugar21',14,'2019-02-23 22:34:03','2019-02-24 00:33:34',5);
INSERT INTO Pelada(id_pelada, lugar, preco, inicio, fim, id_grupo_de_pelada) VALUES (24, 'Lugar24',4,'2018-12-25 20:48:34','2018-12-25 22:48:05',5);
INSERT INTO Pelada(id_pelada, lugar, preco, inicio, fim, id_grupo_de_pelada) VALUES (25, 'Lugar25',14,'2019-03-27 04:34:46','2019-03-27 06:34:17',5);
INSERT INTO Pelada(id_pelada, lugar, preco, inicio, fim, id_grupo_de_pelada) VALUES (1, 'Rua da Conciliação',5,'2019-03-08 04:48:15','2019-03-08 06:47:47',6);
INSERT INTO Pelada(id_pelada, lugar, preco, inicio, fim, id_grupo_de_pelada) VALUES (3, 'Lugar3',13,'2019-03-29 22:30:27','2019-03-30 00:29:58',6);
INSERT INTO Pelada(id_pelada, lugar, preco, inicio, fim, id_grupo_de_pelada) VALUES (16, 'Lugar16',11,'2019-02-24 12:53:38','2019-02-24 14:53:09',6);
INSERT INTO Pelada(id_pelada, lugar, preco, inicio, fim, id_grupo_de_pelada) VALUES (27, 'Lugar27',13,'2019-10-10 02:32:29','2019-10-10 04:32:00',6);
INSERT INTO Pelada(id_pelada, lugar, preco, inicio, fim, id_grupo_de_pelada) VALUES (30, 'Lugar30',11,'2018-11-13 08:57:22','2018-11-13 10:56:53',6);



INSERT INTO Participa_grupo_pelada(id_grupo_de_pelada, id_pessoa) VALUES (1, 3);
INSERT INTO Participa_grupo_pelada(id_grupo_de_pelada, id_pessoa) VALUES (1, 4);
INSERT INTO Participa_grupo_pelada(id_grupo_de_pelada, id_pessoa) VALUES (1, 5);
INSERT INTO Participa_grupo_pelada(id_grupo_de_pelada, id_pessoa) VALUES (1, 6);
INSERT INTO Participa_grupo_pelada(id_grupo_de_pelada, id_pessoa) VALUES (1, 7);
INSERT INTO Participa_grupo_pelada(id_grupo_de_pelada, id_pessoa) VALUES (1, 8);
INSERT INTO Participa_grupo_pelada(id_grupo_de_pelada, id_pessoa) VALUES (1, 9);
INSERT INTO Participa_grupo_pelada(id_grupo_de_pelada, id_pessoa) VALUES (1, 10);
INSERT INTO Participa_grupo_pelada(id_grupo_de_pelada, id_pessoa) VALUES (1, 11);
INSERT INTO Participa_grupo_pelada(id_grupo_de_pelada, id_pessoa) VALUES (1, 12);
INSERT INTO Participa_grupo_pelada(id_grupo_de_pelada, id_pessoa) VALUES (1, 15);
INSERT INTO Participa_grupo_pelada(id_grupo_de_pelada, id_pessoa) VALUES (1, 16);
INSERT INTO Participa_grupo_pelada(id_grupo_de_pelada, id_pessoa) VALUES (1, 17);
INSERT INTO Participa_grupo_pelada(id_grupo_de_pelada, id_pessoa) VALUES (1, 18);
INSERT INTO Participa_grupo_pelada(id_grupo_de_pelada, id_pessoa) VALUES (1, 35);
INSERT INTO Participa_grupo_pelada(id_grupo_de_pelada, id_pessoa) VALUES (1, 36);
INSERT INTO Participa_grupo_pelada(id_grupo_de_pelada, id_pessoa) VALUES (1, 39);
INSERT INTO Participa_grupo_pelada(id_grupo_de_pelada, id_pessoa) VALUES (2, 3);
INSERT INTO Participa_grupo_pelada(id_grupo_de_pelada, id_pessoa) VALUES (2, 6);
INSERT INTO Participa_grupo_pelada(id_grupo_de_pelada, id_pessoa) VALUES (2, 10);
INSERT INTO Participa_grupo_pelada(id_grupo_de_pelada, id_pessoa) VALUES (2, 13);
INSERT INTO Participa_grupo_pelada(id_grupo_de_pelada, id_pessoa) VALUES (2, 14);
INSERT INTO Participa_grupo_pelada(id_grupo_de_pelada, id_pessoa) VALUES (2, 16);
INSERT INTO Participa_grupo_pelada(id_grupo_de_pelada, id_pessoa) VALUES (2, 18);
INSERT INTO Participa_grupo_pelada(id_grupo_de_pelada, id_pessoa) VALUES (2, 21);
INSERT INTO Participa_grupo_pelada(id_grupo_de_pelada, id_pessoa) VALUES (2, 22);
INSERT INTO Participa_grupo_pelada(id_grupo_de_pelada, id_pessoa) VALUES (2, 23);
INSERT INTO Participa_grupo_pelada(id_grupo_de_pelada, id_pessoa) VALUES (2, 25);
INSERT INTO Participa_grupo_pelada(id_grupo_de_pelada, id_pessoa) VALUES (2, 26);
INSERT INTO Participa_grupo_pelada(id_grupo_de_pelada, id_pessoa) VALUES (2, 27);
INSERT INTO Participa_grupo_pelada(id_grupo_de_pelada, id_pessoa) VALUES (2, 28);
INSERT INTO Participa_grupo_pelada(id_grupo_de_pelada, id_pessoa) VALUES (2, 30);
INSERT INTO Participa_grupo_pelada(id_grupo_de_pelada, id_pessoa) VALUES (2, 31);
INSERT INTO Participa_grupo_pelada(id_grupo_de_pelada, id_pessoa) VALUES (2, 32);
INSERT INTO Participa_grupo_pelada(id_grupo_de_pelada, id_pessoa) VALUES (2, 34);
INSERT INTO Participa_grupo_pelada(id_grupo_de_pelada, id_pessoa) VALUES (2, 35);
INSERT INTO Participa_grupo_pelada(id_grupo_de_pelada, id_pessoa) VALUES (2, 36);
INSERT INTO Participa_grupo_pelada(id_grupo_de_pelada, id_pessoa) VALUES (2, 37);
INSERT INTO Participa_grupo_pelada(id_grupo_de_pelada, id_pessoa) VALUES (2, 38);
INSERT INTO Participa_grupo_pelada(id_grupo_de_pelada, id_pessoa) VALUES (2, 39);
INSERT INTO Participa_grupo_pelada(id_grupo_de_pelada, id_pessoa) VALUES (3, 4);
INSERT INTO Participa_grupo_pelada(id_grupo_de_pelada, id_pessoa) VALUES (3, 8);
INSERT INTO Participa_grupo_pelada(id_grupo_de_pelada, id_pessoa) VALUES (3, 10);
INSERT INTO Participa_grupo_pelada(id_grupo_de_pelada, id_pessoa) VALUES (3, 11);
INSERT INTO Participa_grupo_pelada(id_grupo_de_pelada, id_pessoa) VALUES (3, 12);
INSERT INTO Participa_grupo_pelada(id_grupo_de_pelada, id_pessoa) VALUES (3, 15);
INSERT INTO Participa_grupo_pelada(id_grupo_de_pelada, id_pessoa) VALUES (3, 16);
INSERT INTO Participa_grupo_pelada(id_grupo_de_pelada, id_pessoa) VALUES (3, 17);
INSERT INTO Participa_grupo_pelada(id_grupo_de_pelada, id_pessoa) VALUES (3, 19);
INSERT INTO Participa_grupo_pelada(id_grupo_de_pelada, id_pessoa) VALUES (3, 21);
INSERT INTO Participa_grupo_pelada(id_grupo_de_pelada, id_pessoa) VALUES (3, 26);
INSERT INTO Participa_grupo_pelada(id_grupo_de_pelada, id_pessoa) VALUES (3, 27);
INSERT INTO Participa_grupo_pelada(id_grupo_de_pelada, id_pessoa) VALUES (3, 28);
INSERT INTO Participa_grupo_pelada(id_grupo_de_pelada, id_pessoa) VALUES (3, 31);
INSERT INTO Participa_grupo_pelada(id_grupo_de_pelada, id_pessoa) VALUES (3, 32);
INSERT INTO Participa_grupo_pelada(id_grupo_de_pelada, id_pessoa) VALUES (3, 34);
INSERT INTO Participa_grupo_pelada(id_grupo_de_pelada, id_pessoa) VALUES (3, 35);
INSERT INTO Participa_grupo_pelada(id_grupo_de_pelada, id_pessoa) VALUES (3, 37);
INSERT INTO Participa_grupo_pelada(id_grupo_de_pelada, id_pessoa) VALUES (3, 39);
INSERT INTO Participa_grupo_pelada(id_grupo_de_pelada, id_pessoa) VALUES (3, 40);
INSERT INTO Participa_grupo_pelada(id_grupo_de_pelada, id_pessoa) VALUES (4, 3);
INSERT INTO Participa_grupo_pelada(id_grupo_de_pelada, id_pessoa) VALUES (4, 6);
INSERT INTO Participa_grupo_pelada(id_grupo_de_pelada, id_pessoa) VALUES (4, 12);
INSERT INTO Participa_grupo_pelada(id_grupo_de_pelada, id_pessoa) VALUES (4, 13);
INSERT INTO Participa_grupo_pelada(id_grupo_de_pelada, id_pessoa) VALUES (4, 14);
INSERT INTO Participa_grupo_pelada(id_grupo_de_pelada, id_pessoa) VALUES (4, 26);
INSERT INTO Participa_grupo_pelada(id_grupo_de_pelada, id_pessoa) VALUES (4, 29);
INSERT INTO Participa_grupo_pelada(id_grupo_de_pelada, id_pessoa) VALUES (4, 34);
INSERT INTO Participa_grupo_pelada(id_grupo_de_pelada, id_pessoa) VALUES (4, 33);
INSERT INTO Participa_grupo_pelada(id_grupo_de_pelada, id_pessoa) VALUES (4, 36);
INSERT INTO Participa_grupo_pelada(id_grupo_de_pelada, id_pessoa) VALUES (4, 38);
INSERT INTO Participa_grupo_pelada(id_grupo_de_pelada, id_pessoa) VALUES (4, 39);
INSERT INTO Participa_grupo_pelada(id_grupo_de_pelada, id_pessoa) VALUES (4, 40);
INSERT INTO Participa_grupo_pelada(id_grupo_de_pelada, id_pessoa) VALUES (5, 5);
INSERT INTO Participa_grupo_pelada(id_grupo_de_pelada, id_pessoa) VALUES (5, 7);
INSERT INTO Participa_grupo_pelada(id_grupo_de_pelada, id_pessoa) VALUES (5, 8);
INSERT INTO Participa_grupo_pelada(id_grupo_de_pelada, id_pessoa) VALUES (5, 9);
INSERT INTO Participa_grupo_pelada(id_grupo_de_pelada, id_pessoa) VALUES (5, 11);
INSERT INTO Participa_grupo_pelada(id_grupo_de_pelada, id_pessoa) VALUES (5, 15);
INSERT INTO Participa_grupo_pelada(id_grupo_de_pelada, id_pessoa) VALUES (5, 17);
INSERT INTO Participa_grupo_pelada(id_grupo_de_pelada, id_pessoa) VALUES (5, 21);
INSERT INTO Participa_grupo_pelada(id_grupo_de_pelada, id_pessoa) VALUES (5, 22);
INSERT INTO Participa_grupo_pelada(id_grupo_de_pelada, id_pessoa) VALUES (5, 25);
INSERT INTO Participa_grupo_pelada(id_grupo_de_pelada, id_pessoa) VALUES (5, 29);
INSERT INTO Participa_grupo_pelada(id_grupo_de_pelada, id_pessoa) VALUES (5, 30);
INSERT INTO Participa_grupo_pelada(id_grupo_de_pelada, id_pessoa) VALUES (5, 32);
INSERT INTO Participa_grupo_pelada(id_grupo_de_pelada, id_pessoa) VALUES (6, 1);
INSERT INTO Participa_grupo_pelada(id_grupo_de_pelada, id_pessoa) VALUES (6, 4);
INSERT INTO Participa_grupo_pelada(id_grupo_de_pelada, id_pessoa) VALUES (6, 5);
INSERT INTO Participa_grupo_pelada(id_grupo_de_pelada, id_pessoa) VALUES (6, 7);
INSERT INTO Participa_grupo_pelada(id_grupo_de_pelada, id_pessoa) VALUES (6, 9);
INSERT INTO Participa_grupo_pelada(id_grupo_de_pelada, id_pessoa) VALUES (6, 13);
INSERT INTO Participa_grupo_pelada(id_grupo_de_pelada, id_pessoa) VALUES (6, 14);
INSERT INTO Participa_grupo_pelada(id_grupo_de_pelada, id_pessoa) VALUES (6, 18);
INSERT INTO Participa_grupo_pelada(id_grupo_de_pelada, id_pessoa) VALUES (6, 19);
INSERT INTO Participa_grupo_pelada(id_grupo_de_pelada, id_pessoa) VALUES (6, 22);
INSERT INTO Participa_grupo_pelada(id_grupo_de_pelada, id_pessoa) VALUES (6, 24);
INSERT INTO Participa_grupo_pelada(id_grupo_de_pelada, id_pessoa) VALUES (6, 25);
INSERT INTO Participa_grupo_pelada(id_grupo_de_pelada, id_pessoa) VALUES (6, 27);
INSERT INTO Participa_grupo_pelada(id_grupo_de_pelada, id_pessoa) VALUES (6, 28);
INSERT INTO Participa_grupo_pelada(id_grupo_de_pelada, id_pessoa) VALUES (6, 30);
INSERT INTO Participa_grupo_pelada(id_grupo_de_pelada, id_pessoa) VALUES (6, 31);
INSERT INTO Participa_grupo_pelada(id_grupo_de_pelada, id_pessoa) VALUES (6, 36);
INSERT INTO Participa_grupo_pelada(id_grupo_de_pelada, id_pessoa) VALUES (6, 37);

INSERT INTO Jogador(id_pessoa, id_pelada, Pontos, Partida, Titular, Substituido, G, GC) VALUES (7, 5, 21, 1, 1, 0, 2, 0);
INSERT INTO Jogador(id_pessoa, id_pelada, Pontos, Partida, Titular, Substituido, G, GC) VALUES (8, 5, 43, 1, 1, 0, 3, 0);
INSERT INTO Jogador(id_pessoa, id_pelada, Pontos, Partida, Titular, Substituido, G, GC) VALUES (9, 5, 10, 1, 1, 0, 0, 0);
INSERT INTO Jogador(id_pessoa, id_pelada, Pontos, Partida, Titular, Substituido, G, GC) VALUES (10, 5, 43, 1, 1, 0, 1, 0);
INSERT INTO Jogador(id_pessoa, id_pelada, Pontos, Partida, Titular, Substituido, G, GC) VALUES (11, 5, 29, 1, 1, 0, 1, 0);
INSERT INTO Jogador(id_pessoa, id_pelada, Pontos, Partida, Titular, Substituido, G, GC) VALUES (3, 12, 46, 1, 1, 0, 2, 0);
INSERT INTO Jogador(id_pessoa, id_pelada, Pontos, Partida, Titular, Substituido, G, GC) VALUES (4, 12, 22, 1, 1, 0, 2, 0);
INSERT INTO Jogador(id_pessoa, id_pelada, Pontos, Partida, Titular, Substituido, G, GC) VALUES (5, 12, 36, 1, 1, 0, 2, 1);
INSERT INTO Jogador(id_pessoa, id_pelada, Pontos, Partida, Titular, Substituido, G, GC) VALUES (6, 12, 46, 1, 1, 0, 2, 0);
INSERT INTO Jogador(id_pessoa, id_pelada, Pontos, Partida, Titular, Substituido, G, GC) VALUES (7, 12, 27, 1, 1, 0, 1, 0);
INSERT INTO Jogador(id_pessoa, id_pelada, Pontos, Partida, Titular, Substituido, G, GC) VALUES (8, 12, 5, 1, 1, 0, 1, 0);
INSERT INTO Jogador(id_pessoa, id_pelada, Pontos, Partida, Titular, Substituido, G, GC) VALUES (16, 26, 28, 1, 1, 0, 0, 0);
INSERT INTO Jogador(id_pessoa, id_pelada, Pontos, Partida, Titular, Substituido, G, GC) VALUES (17, 26, 29, 1, 1, 0, 0, 0);
INSERT INTO Jogador(id_pessoa, id_pelada, Pontos, Partida, Titular, Substituido, G, GC) VALUES (18, 26, 10, 1, 1, 0, 0, 0);
INSERT INTO Jogador(id_pessoa, id_pelada, Pontos, Partida, Titular, Substituido, G, GC) VALUES (35, 26, 23, 1, 1, 0, 1, 0);
INSERT INTO Jogador(id_pessoa, id_pelada, Pontos, Partida, Titular, Substituido, G, GC) VALUES (16, 28, 27, 1, 1, 0, 2, 0);
INSERT INTO Jogador(id_pessoa, id_pelada, Pontos, Partida, Titular, Substituido, G, GC) VALUES (17, 28, 48, 1, 1, 0, 3, 0);
INSERT INTO Jogador(id_pessoa, id_pelada, Pontos, Partida, Titular, Substituido, G, GC) VALUES (18, 28, 49, 1, 1, 0, 3, 0);
INSERT INTO Jogador(id_pessoa, id_pelada, Pontos, Partida, Titular, Substituido, G, GC) VALUES (35, 28, 1, 1, 1, 0, 1, 0);
INSERT INTO Jogador(id_pessoa, id_pelada, Pontos, Partida, Titular, Substituido, G, GC) VALUES (36, 28, 12, 1, 1, 0, 3, 0);
INSERT INTO Jogador(id_pessoa, id_pelada, Pontos, Partida, Titular, Substituido, G, GC) VALUES (39, 29, 11, 1, 1, 0, 1, 0);
INSERT INTO Jogador(id_pessoa, id_pelada, Pontos, Partida, Titular, Substituido, G, GC) VALUES (3, 29, 30, 1, 1, 0, 2, 0);
INSERT INTO Jogador(id_pessoa, id_pelada, Pontos, Partida, Titular, Substituido, G, GC) VALUES (4, 29, 0, 1, 1, 0, 2, 0);
INSERT INTO Jogador(id_pessoa, id_pelada, Pontos, Partida, Titular, Substituido, G, GC) VALUES (5, 29, 21, 1, 1, 0, 2, 1);
INSERT INTO Jogador(id_pessoa, id_pelada, Pontos, Partida, Titular, Substituido, G, GC) VALUES (6, 29, 11, 1, 1, 0, 2, 0);
INSERT INTO Jogador(id_pessoa, id_pelada, Pontos, Partida, Titular, Substituido, G, GC) VALUES (3, 15, 1, 1, 1, 0, 0, 0);
INSERT INTO Jogador(id_pessoa, id_pelada, Pontos, Partida, Titular, Substituido, G, GC) VALUES (6, 15, 48, 1, 1, 0, 2, 0);
INSERT INTO Jogador(id_pessoa, id_pelada, Pontos, Partida, Titular, Substituido, G, GC) VALUES (10, 15, 1, 1, 1, 0, 3, 0);
INSERT INTO Jogador(id_pessoa, id_pelada, Pontos, Partida, Titular, Substituido, G, GC) VALUES (13, 15, 38, 1, 1, 0, 0, 0);
INSERT INTO Jogador(id_pessoa, id_pelada, Pontos, Partida, Titular, Substituido, G, GC) VALUES (14, 15, 14, 1, 1, 0, 2, 0);
INSERT INTO Jogador(id_pessoa, id_pelada, Pontos, Partida, Titular, Substituido, G, GC) VALUES (16, 15, 32, 1, 1, 0, 3, 0);
INSERT INTO Jogador(id_pessoa, id_pelada, Pontos, Partida, Titular, Substituido, G, GC) VALUES (18, 22, 35, 1, 1, 0, 3, 0);
INSERT INTO Jogador(id_pessoa, id_pelada, Pontos, Partida, Titular, Substituido, G, GC) VALUES (21, 22, 9, 1, 1, 0, 3, 0);
INSERT INTO Jogador(id_pessoa, id_pelada, Pontos, Partida, Titular, Substituido, G, GC) VALUES (22, 22, 24, 1, 1, 0, 1, 0);
INSERT INTO Jogador(id_pessoa, id_pelada, Pontos, Partida, Titular, Substituido, G, GC) VALUES (4, 11, 27, 1, 1, 0, 2, 0);
INSERT INTO Jogador(id_pessoa, id_pelada, Pontos, Partida, Titular, Substituido, G, GC) VALUES (8, 11, 26, 1, 1, 0, 2, 0);
INSERT INTO Jogador(id_pessoa, id_pelada, Pontos, Partida, Titular, Substituido, G, GC) VALUES (10, 11, 32, 1, 1, 0, 2, 0);
INSERT INTO Jogador(id_pessoa, id_pelada, Pontos, Partida, Titular, Substituido, G, GC) VALUES (11, 11, 3, 1, 1, 0, 1, 0);
INSERT INTO Jogador(id_pessoa, id_pelada, Pontos, Partida, Titular, Substituido, G, GC) VALUES (12, 11, 4, 1, 1, 0, 3, 0);
INSERT INTO Jogador(id_pessoa, id_pelada, Pontos, Partida, Titular, Substituido, G, GC) VALUES (15, 13, 49, 1, 1, 0, 0, 0);
INSERT INTO Jogador(id_pessoa, id_pelada, Pontos, Partida, Titular, Substituido, G, GC) VALUES (16, 13, 38, 1, 1, 0, 1, 0);
INSERT INTO Jogador(id_pessoa, id_pelada, Pontos, Partida, Titular, Substituido, G, GC) VALUES (17, 13, 47, 1, 1, 0, 3, 0);
INSERT INTO Jogador(id_pessoa, id_pelada, Pontos, Partida, Titular, Substituido, G, GC) VALUES (19, 13, 6, 1, 1, 0, 2, 0);
INSERT INTO Jogador(id_pessoa, id_pelada, Pontos, Partida, Titular, Substituido, G, GC) VALUES (21, 20, 18, 1, 1, 0, 3, 0);
INSERT INTO Jogador(id_pessoa, id_pelada, Pontos, Partida, Titular, Substituido, G, GC) VALUES (26, 20, 16, 1, 1, 0, 0, 0);
INSERT INTO Jogador(id_pessoa, id_pelada, Pontos, Partida, Titular, Substituido, G, GC) VALUES (27, 20, 17, 1, 1, 0, 0, 0);
INSERT INTO Jogador(id_pessoa, id_pelada, Pontos, Partida, Titular, Substituido, G, GC) VALUES (28, 20, 31, 1, 1, 0, 3, 0);
INSERT INTO Jogador(id_pessoa, id_pelada, Pontos, Partida, Titular, Substituido, G, GC) VALUES (31, 23, 3, 1, 1, 0, 1, 0);
INSERT INTO Jogador(id_pessoa, id_pelada, Pontos, Partida, Titular, Substituido, G, GC) VALUES (32, 23, 26, 1, 1, 0, 3, 11);
INSERT INTO Jogador(id_pessoa, id_pelada, Pontos, Partida, Titular, Substituido, G, GC) VALUES (34, 23, 37, 1, 1, 0, 3, 0);
INSERT INTO Jogador(id_pessoa, id_pelada, Pontos, Partida, Titular, Substituido, G, GC) VALUES (35, 23, 43, 1, 1, 0, 2, 0);
INSERT INTO Jogador(id_pessoa, id_pelada, Pontos, Partida, Titular, Substituido, G, GC) VALUES (3, 2, 18, 1, 1, 0, 2, 0);
INSERT INTO Jogador(id_pessoa, id_pelada, Pontos, Partida, Titular, Substituido, G, GC) VALUES (6, 2, 47, 1, 1, 0, 1, 0);
INSERT INTO Jogador(id_pessoa, id_pelada, Pontos, Partida, Titular, Substituido, G, GC) VALUES (12, 2, 34, 1, 1, 0, 2, 0);
INSERT INTO Jogador(id_pessoa, id_pelada, Pontos, Partida, Titular, Substituido, G, GC) VALUES (13, 2, 30, 1, 1, 0, 3, 0);
INSERT INTO Jogador(id_pessoa, id_pelada, Pontos, Partida, Titular, Substituido, G, GC) VALUES (14, 2, 9, 1, 1, 0, 2, 0);
INSERT INTO Jogador(id_pessoa, id_pelada, Pontos, Partida, Titular, Substituido, G, GC) VALUES (26, 6, 7, 1, 1, 0, 0, 0);
INSERT INTO Jogador(id_pessoa, id_pelada, Pontos, Partida, Titular, Substituido, G, GC) VALUES (29, 6, 32, 1, 1, 0, 0, 0);
INSERT INTO Jogador(id_pessoa, id_pelada, Pontos, Partida, Titular, Substituido, G, GC) VALUES (34, 6, 23, 1, 1, 0, 0, 0);
INSERT INTO Jogador(id_pessoa, id_pelada, Pontos, Partida, Titular, Substituido, G, GC) VALUES (33, 6, 14, 1, 1, 0, 1, 0);
INSERT INTO Jogador(id_pessoa, id_pelada, Pontos, Partida, Titular, Substituido, G, GC) VALUES (36, 6, 38, 1, 1, 0, 1, 0);
INSERT INTO Jogador(id_pessoa, id_pelada, Pontos, Partida, Titular, Substituido, G, GC) VALUES (38, 9, 29, 1, 1, 0, 2, 1);
INSERT INTO Jogador(id_pessoa, id_pelada, Pontos, Partida, Titular, Substituido, G, GC) VALUES (39, 9, 14, 1, 1, 0, 2, 0);
INSERT INTO Jogador(id_pessoa, id_pelada, Pontos, Partida, Titular, Substituido, G, GC) VALUES (40, 9, 4, 1, 1, 0, 3, 0);
INSERT INTO Jogador(id_pessoa, id_pelada, Pontos, Partida, Titular, Substituido, G, GC) VALUES (3, 9, 30, 1, 1, 0, 3, 0);
INSERT INTO Jogador(id_pessoa, id_pelada, Pontos, Partida, Titular, Substituido, G, GC) VALUES (6, 9, 44, 1, 1, 0, 2, 0);
INSERT INTO Jogador(id_pessoa, id_pelada, Pontos, Partida, Titular, Substituido, G, GC) VALUES (12, 9, 26, 1, 1, 0, 1, 0);
INSERT INTO Jogador(id_pessoa, id_pelada, Pontos, Partida, Titular, Substituido, G, GC) VALUES (13, 9, 21, 1, 1, 0, 1, 0);
INSERT INTO Jogador(id_pessoa, id_pelada, Pontos, Partida, Titular, Substituido, G, GC) VALUES (14, 14, 30, 1, 1, 0, 3, 0);
INSERT INTO Jogador(id_pessoa, id_pelada, Pontos, Partida, Titular, Substituido, G, GC) VALUES (26, 14, 43, 1, 1, 0, 2, 0);
INSERT INTO Jogador(id_pessoa, id_pelada, Pontos, Partida, Titular, Substituido, G, GC) VALUES (29, 14, 31, 1, 1, 0, 1, 0);
INSERT INTO Jogador(id_pessoa, id_pelada, Pontos, Partida, Titular, Substituido, G, GC) VALUES (34, 17, 7, 1, 1, 0, 2, 0);
INSERT INTO Jogador(id_pessoa, id_pelada, Pontos, Partida, Titular, Substituido, G, GC) VALUES (33, 17, 40, 1, 1, 0, 1, 0);
INSERT INTO Jogador(id_pessoa, id_pelada, Pontos, Partida, Titular, Substituido, G, GC) VALUES (36, 17, 2, 1, 1, 0, 3, 0);
INSERT INTO Jogador(id_pessoa, id_pelada, Pontos, Partida, Titular, Substituido, G, GC) VALUES (38, 17, 46, 1, 1, 0, 1, 1);
INSERT INTO Jogador(id_pessoa, id_pelada, Pontos, Partida, Titular, Substituido, G, GC) VALUES (39, 17, 22, 1, 1, 0, 3, 0);
INSERT INTO Jogador(id_pessoa, id_pelada, Pontos, Partida, Titular, Substituido, G, GC) VALUES (40, 19, 42, 1, 1, 0, 0, 0);
INSERT INTO Jogador(id_pessoa, id_pelada, Pontos, Partida, Titular, Substituido, G, GC) VALUES (3, 19, 18, 1, 1, 0, 0, 0);
INSERT INTO Jogador(id_pessoa, id_pelada, Pontos, Partida, Titular, Substituido, G, GC) VALUES (6, 19, 10, 1, 1, 0, 1, 0);
INSERT INTO Jogador(id_pessoa, id_pelada, Pontos, Partida, Titular, Substituido, G, GC) VALUES (12, 19, 40, 1, 1, 0, 2, 0);
INSERT INTO Jogador(id_pessoa, id_pelada, Pontos, Partida, Titular, Substituido, G, GC) VALUES (13, 19, 5, 1, 1, 0, 0, 0);
INSERT INTO Jogador(id_pessoa, id_pelada, Pontos, Partida, Titular, Substituido, G, GC) VALUES (5, 4, 16, 1, 1, 0, 2, 0);
INSERT INTO Jogador(id_pessoa, id_pelada, Pontos, Partida, Titular, Substituido, G, GC) VALUES (7, 4, 7, 1, 1, 0, 3, 0);
INSERT INTO Jogador(id_pessoa, id_pelada, Pontos, Partida, Titular, Substituido, G, GC) VALUES (8, 4, 47, 1, 1, 0, 0, 0);
INSERT INTO Jogador(id_pessoa, id_pelada, Pontos, Partida, Titular, Substituido, G, GC) VALUES (9, 4, 36, 1, 1, 0, 2, 0);
INSERT INTO Jogador(id_pessoa, id_pelada, Pontos, Partida, Titular, Substituido, G, GC) VALUES (11, 7, 45, 1, 1, 0, 0, 0);
INSERT INTO Jogador(id_pessoa, id_pelada, Pontos, Partida, Titular, Substituido, G, GC) VALUES (15, 7, 3, 1, 1, 0, 0, 0);
INSERT INTO Jogador(id_pessoa, id_pelada, Pontos, Partida, Titular, Substituido, G, GC) VALUES (17, 7, 7, 1, 1, 0, 0, 1);
INSERT INTO Jogador(id_pessoa, id_pelada, Pontos, Partida, Titular, Substituido, G, GC) VALUES (21, 7, 7, 1, 1, 0, 2, 0);
INSERT INTO Jogador(id_pessoa, id_pelada, Pontos, Partida, Titular, Substituido, G, GC) VALUES (22, 8, 36, 1, 1, 0, 2, 0);
INSERT INTO Jogador(id_pessoa, id_pelada, Pontos, Partida, Titular, Substituido, G, GC) VALUES (25, 8, 29, 1, 1, 0, 2, 0);
INSERT INTO Jogador(id_pessoa, id_pelada, Pontos, Partida, Titular, Substituido, G, GC) VALUES (29, 8, 8, 1, 1, 0, 1, 0);
INSERT INTO Jogador(id_pessoa, id_pelada, Pontos, Partida, Titular, Substituido, G, GC) VALUES (30, 8, 38, 1, 1, 0, 3, 0);
INSERT INTO Jogador(id_pessoa, id_pelada, Pontos, Partida, Titular, Substituido, G, GC) VALUES (32, 10, 19, 1, 1, 0, 1, 0);
INSERT INTO Jogador(id_pessoa, id_pelada, Pontos, Partida, Titular, Substituido, G, GC) VALUES (5, 10, 39, 1, 1, 0, 3, 0);
INSERT INTO Jogador(id_pessoa, id_pelada, Pontos, Partida, Titular, Substituido, G, GC) VALUES (7, 10, 13, 1, 1, 0, 0, 0);
INSERT INTO Jogador(id_pessoa, id_pelada, Pontos, Partida, Titular, Substituido, G, GC) VALUES (8, 10, 13, 1, 1, 0, 0, 0);
INSERT INTO Jogador(id_pessoa, id_pelada, Pontos, Partida, Titular, Substituido, G, GC) VALUES (9, 18, 28, 1, 1, 0, 3, 0);
INSERT INTO Jogador(id_pessoa, id_pelada, Pontos, Partida, Titular, Substituido, G, GC) VALUES (11, 18, 38, 1, 1, 0, 3, 0);
INSERT INTO Jogador(id_pessoa, id_pelada, Pontos, Partida, Titular, Substituido, G, GC) VALUES (15, 18, 28, 1, 1, 0, 3, 1);
INSERT INTO Jogador(id_pessoa, id_pelada, Pontos, Partida, Titular, Substituido, G, GC) VALUES (17, 18, 17, 1, 1, 0, 2, 0);
INSERT INTO Jogador(id_pessoa, id_pelada, Pontos, Partida, Titular, Substituido, G, GC) VALUES (21, 21, 22, 1, 1, 0, 3, 0);
INSERT INTO Jogador(id_pessoa, id_pelada, Pontos, Partida, Titular, Substituido, G, GC) VALUES (22, 21, 22, 1, 1, 0, 3, 0);
INSERT INTO Jogador(id_pessoa, id_pelada, Pontos, Partida, Titular, Substituido, G, GC) VALUES (25, 21, 30, 1, 1, 0, 0, 0);
INSERT INTO Jogador(id_pessoa, id_pelada, Pontos, Partida, Titular, Substituido, G, GC) VALUES (29, 21, 1, 1, 1, 0, 1, 0);
INSERT INTO Jogador(id_pessoa, id_pelada, Pontos, Partida, Titular, Substituido, G, GC) VALUES (30, 24, 29, 1, 1, 0, 0, 0);
INSERT INTO Jogador(id_pessoa, id_pelada, Pontos, Partida, Titular, Substituido, G, GC) VALUES (32, 24, 36, 1, 1, 0, 1, 0);
INSERT INTO Jogador(id_pessoa, id_pelada, Pontos, Partida, Titular, Substituido, G, GC) VALUES (5, 24, 13, 1, 1, 0, 3, 0);
INSERT INTO Jogador(id_pessoa, id_pelada, Pontos, Partida, Titular, Substituido, G, GC) VALUES (7, 24, 5, 1, 1, 0, 0, 0);
INSERT INTO Jogador(id_pessoa, id_pelada, Pontos, Partida, Titular, Substituido, G, GC) VALUES (8, 25, 4, 1, 1, 0, 0, 0);
INSERT INTO Jogador(id_pessoa, id_pelada, Pontos, Partida, Titular, Substituido, G, GC) VALUES (9, 25, 19, 1, 1, 0, 2, 0);
INSERT INTO Jogador(id_pessoa, id_pelada, Pontos, Partida, Titular, Substituido, G, GC) VALUES (11, 25, 23, 1, 1, 0, 1, 0);
INSERT INTO Jogador(id_pessoa, id_pelada, Pontos, Partida, Titular, Substituido, G, GC) VALUES (15, 25, 33, 1, 1, 0, 0, 0);
INSERT INTO Jogador(id_pessoa, id_pelada, Pontos, Partida, Titular, Substituido, G, GC) VALUES (1, 1, 43, 1, 1, 0, 3, 0);
INSERT INTO Jogador(id_pessoa, id_pelada, Pontos, Partida, Titular, Substituido, G, GC) VALUES (4, 1, 16, 1, 1, 0, 0, 0);
INSERT INTO Jogador(id_pessoa, id_pelada, Pontos, Partida, Titular, Substituido, G, GC) VALUES (5, 1, 10, 1, 1, 0, 3, 1);
INSERT INTO Jogador(id_pessoa, id_pelada, Pontos, Partida, Titular, Substituido, G, GC) VALUES (7, 1, 37, 1, 1, 0, 1, 0);
INSERT INTO Jogador(id_pessoa, id_pelada, Pontos, Partida, Titular, Substituido, G, GC) VALUES (9, 1, 3, 1, 1, 0, 3, 0);
INSERT INTO Jogador(id_pessoa, id_pelada, Pontos, Partida, Titular, Substituido, G, GC) VALUES (13, 3, 30, 1, 1, 0, 3, 0);
INSERT INTO Jogador(id_pessoa, id_pelada, Pontos, Partida, Titular, Substituido, G, GC) VALUES (14, 3, 45, 1, 1, 0, 3, 0);
INSERT INTO Jogador(id_pessoa, id_pelada, Pontos, Partida, Titular, Substituido, G, GC) VALUES (18, 3, 42, 1, 1, 0, 3, 0);
INSERT INTO Jogador(id_pessoa, id_pelada, Pontos, Partida, Titular, Substituido, G, GC) VALUES (19, 16, 25, 1, 1, 0, 2, 0);
INSERT INTO Jogador(id_pessoa, id_pelada, Pontos, Partida, Titular, Substituido, G, GC) VALUES (22, 16, 38, 1, 1, 0, 3, 0);
INSERT INTO Jogador(id_pessoa, id_pelada, Pontos, Partida, Titular, Substituido, G, GC) VALUES (24, 16, 27, 1, 1, 0, 0, 0);
INSERT INTO Jogador(id_pessoa, id_pelada, Pontos, Partida, Titular, Substituido, G, GC) VALUES (25, 16, 4, 1, 1, 0, 2, 0);
INSERT INTO Jogador(id_pessoa, id_pelada, Pontos, Partida, Titular, Substituido, G, GC) VALUES (27, 16, 22, 1, 1, 0, 2, 0);
INSERT INTO Jogador(id_pessoa, id_pelada, Pontos, Partida, Titular, Substituido, G, GC) VALUES (28, 16, 3, 1, 1, 0, 0, 0);
INSERT INTO Jogador(id_pessoa, id_pelada, Pontos, Partida, Titular, Substituido, G, GC) VALUES (30, 16, 16, 1, 1, 0, 3, 0);
INSERT INTO Jogador(id_pessoa, id_pelada, Pontos, Partida, Titular, Substituido, G, GC) VALUES (31, 27, 36, 1, 1, 0, 2, 0);
INSERT INTO Jogador(id_pessoa, id_pelada, Pontos, Partida, Titular, Substituido, G, GC) VALUES (36, 27, 25, 1, 1, 0, 3, 0);
INSERT INTO Jogador(id_pessoa, id_pelada, Pontos, Partida, Titular, Substituido, G, GC) VALUES (37, 27, 0, 1, 1, 0, 0, 0);
INSERT INTO Jogador(id_pessoa, id_pelada, Pontos, Partida, Titular, Substituido, G, GC) VALUES (1, 27, 23, 1, 1, 0, 3, 0);
INSERT INTO Jogador(id_pessoa, id_pelada, Pontos, Partida, Titular, Substituido, G, GC) VALUES (4, 27, 8, 1, 1, 0, 2, 0);
INSERT INTO Jogador(id_pessoa, id_pelada, Pontos, Partida, Titular, Substituido, G, GC) VALUES (5, 27, 22, 1, 1, 0, 1, 0);
INSERT INTO Jogador(id_pessoa, id_pelada, Pontos, Partida, Titular, Substituido, G, GC) VALUES (7, 27, 43, 1, 1, 0, 0, 1);
INSERT INTO Jogador(id_pessoa, id_pelada, Pontos, Partida, Titular, Substituido, G, GC) VALUES (9, 30, 23, 1, 1, 0, 3, 0);
INSERT INTO Jogador(id_pessoa, id_pelada, Pontos, Partida, Titular, Substituido, G, GC) VALUES (13, 30, 14, 1, 1, 0, 1, 0);
INSERT INTO Jogador(id_pessoa, id_pelada, Pontos, Partida, Titular, Substituido, G, GC) VALUES (14, 30, 34, 1, 1, 0, 2, 0);
INSERT INTO Jogador(id_pessoa, id_pelada, Pontos, Partida, Titular, Substituido, G, GC) VALUES (18, 30, 39, 1, 1, 0, 1, 0);

INSERT INTO Vaquinha(id_vaquinha, motivo, id_grupo_de_pelada,prazo) VALUES (1, 'camisa', 2, '2019-07-11 00:00:00');
INSERT INTO Vaquinha(id_vaquinha, motivo, id_grupo_de_pelada,prazo) VALUES (2, 'churrasco', 3, '2019-06-10 00:00:00');
INSERT INTO Vaquinha(id_vaquinha, motivo, id_grupo_de_pelada,prazo) VALUES (3, 'aluguel campo', 4, '2019-07-03 00:00:00');
INSERT INTO Vaquinha(id_vaquinha, motivo, id_grupo_de_pelada,prazo) VALUES (4, 'churrasco', 5, '2019-10-02 00:00:00');
INSERT INTO Vaquinha(id_vaquinha, motivo, id_grupo_de_pelada,prazo) VALUES (5, 'camisa', 1, '2019-08-11 00:00:00');

INSERT INTO Vaquinha_Coletiva(id_vaquinha_coletiva, valor_total) VALUES (2, 240);
INSERT INTO Vaquinha_Coletiva(id_vaquinha_coletiva, valor_total) VALUES (3, 100);
INSERT INTO Vaquinha_Coletiva(id_vaquinha_coletiva, valor_total) VALUES (4, 300);

INSERT INTO Vaquinha_Coletiva_Pessoa(id_vaquinha_coletiva, id_pessoa, valor_pago, data) VALUES (2, 4, 20, '2018-11-28 02:29:00');
INSERT INTO Vaquinha_Coletiva_Pessoa(id_vaquinha_coletiva, id_pessoa, valor_pago, data) VALUES (2, 8, 20, '2019-08-07 10:05:00');
INSERT INTO Vaquinha_Coletiva_Pessoa(id_vaquinha_coletiva, id_pessoa, valor_pago, data) VALUES (2, 10, 20, '2020-04-15 18:53:00');
INSERT INTO Vaquinha_Coletiva_Pessoa(id_vaquinha_coletiva, id_pessoa, valor_pago, data) VALUES (2, 11, 20, '2019-09-30 20:37:00');
INSERT INTO Vaquinha_Coletiva_Pessoa(id_vaquinha_coletiva, id_pessoa, valor_pago, data) VALUES (2, 12, 20, '2019-10-02 03:34:00');
INSERT INTO Vaquinha_Coletiva_Pessoa(id_vaquinha_coletiva, id_pessoa, valor_pago, data) VALUES (2, 15, 20, '2019-01-10 16:24:00');
INSERT INTO Vaquinha_Coletiva_Pessoa(id_vaquinha_coletiva, id_pessoa, valor_pago, data) VALUES (2, 16, 20, '2018-10-16 18:25:00');
INSERT INTO Vaquinha_Coletiva_Pessoa(id_vaquinha_coletiva, id_pessoa, valor_pago, data) VALUES (2, 17, 20, '2018-09-09 17:47:00');
INSERT INTO Vaquinha_Coletiva_Pessoa(id_vaquinha_coletiva, id_pessoa, valor_pago, data) VALUES (2, 19, 20, '2019-01-29 18:25:00');
INSERT INTO Vaquinha_Coletiva_Pessoa(id_vaquinha_coletiva, id_pessoa, valor_pago, data) VALUES (2, 21, 20, '2020-05-22 11:38:00');
INSERT INTO Vaquinha_Coletiva_Pessoa(id_vaquinha_coletiva, id_pessoa, valor_pago, data) VALUES (2, 26, 20, '2020-04-16 08:12:00');
INSERT INTO Vaquinha_Coletiva_Pessoa(id_vaquinha_coletiva, id_pessoa, valor_pago, data) VALUES (2, 27, 20, '2019-01-10 16:24:00');
INSERT INTO Vaquinha_Coletiva_Pessoa(id_vaquinha_coletiva, id_pessoa, valor_pago, data) VALUES (3, 13, 10, '2019-06-03 00:00:00');
INSERT INTO Vaquinha_Coletiva_Pessoa(id_vaquinha_coletiva, id_pessoa, valor_pago, data) VALUES (3, 14, 10, '2019-06-04 00:00:00');
INSERT INTO Vaquinha_Coletiva_Pessoa(id_vaquinha_coletiva, id_pessoa, valor_pago, data) VALUES (3, 26, 10, '2019-06-05 00:00:00');
INSERT INTO Vaquinha_Coletiva_Pessoa(id_vaquinha_coletiva, id_pessoa, valor_pago, data) VALUES (3, 29, 10, '2019-06-06 00:00:00');
INSERT INTO Vaquinha_Coletiva_Pessoa(id_vaquinha_coletiva, id_pessoa, valor_pago, data) VALUES (3, 34, 10, '2019-06-07 00:00:00');
INSERT INTO Vaquinha_Coletiva_Pessoa(id_vaquinha_coletiva, id_pessoa, valor_pago, data) VALUES (3, 33, 10, '2019-06-08 00:00:00');
INSERT INTO Vaquinha_Coletiva_Pessoa(id_vaquinha_coletiva, id_pessoa, valor_pago, data) VALUES (3, 36, 10, '2019-06-09 00:00:00');
INSERT INTO Vaquinha_Coletiva_Pessoa(id_vaquinha_coletiva, id_pessoa, valor_pago, data) VALUES (3, 38, 10, '2019-06-10 00:00:00');
INSERT INTO Vaquinha_Coletiva_Pessoa(id_vaquinha_coletiva, id_pessoa, valor_pago, data) VALUES (3, 39, 10, '2019-06-11 00:00:00');
INSERT INTO Vaquinha_Coletiva_Pessoa(id_vaquinha_coletiva, id_pessoa, valor_pago, data) VALUES (3, 40, 10, '2019-06-12 00:00:00');
INSERT INTO Vaquinha_Coletiva_Pessoa(id_vaquinha_coletiva, id_pessoa, valor_pago, data) VALUES (4, 5, 30, '2019-03-05 00:00:00');
INSERT INTO Vaquinha_Coletiva_Pessoa(id_vaquinha_coletiva, id_pessoa, valor_pago, data) VALUES (4, 7, 30, '2019-03-05 00:00:00');
INSERT INTO Vaquinha_Coletiva_Pessoa(id_vaquinha_coletiva, id_pessoa, valor_pago, data) VALUES (4, 8, 30, '2019-03-05 00:00:00');
INSERT INTO Vaquinha_Coletiva_Pessoa(id_vaquinha_coletiva, id_pessoa, valor_pago, data) VALUES (4, 9, 30, '2019-03-05 00:00:00');
INSERT INTO Vaquinha_Coletiva_Pessoa(id_vaquinha_coletiva, id_pessoa, valor_pago, data) VALUES (4, 11, 30, '2019-03-05 00:00:00');
INSERT INTO Vaquinha_Coletiva_Pessoa(id_vaquinha_coletiva, id_pessoa, valor_pago, data) VALUES (4, 15, 30, '2019-03-05 00:00:00');
INSERT INTO Vaquinha_Coletiva_Pessoa(id_vaquinha_coletiva, id_pessoa, valor_pago, data) VALUES (4, 17, 30, '2019-03-06 00:00:00');
INSERT INTO Vaquinha_Coletiva_Pessoa(id_vaquinha_coletiva, id_pessoa, valor_pago, data) VALUES (4, 21, 30, '2019-03-06 00:00:00');
INSERT INTO Vaquinha_Coletiva_Pessoa(id_vaquinha_coletiva, id_pessoa, valor_pago, data) VALUES (4, 22, 30, '2019-03-06 00:00:00');
INSERT INTO Vaquinha_Coletiva_Pessoa(id_vaquinha_coletiva, id_pessoa, valor_pago, data) VALUES (4, 25, 30, '2019-03-06 00:00:00');

INSERT INTO Vaquinha_Individual(id_vaquinha_individual, pergunta_personalizada, valor) VALUES (1, 'Nome na camisa', 25);

INSERT INTO Vaquinha_Individual_Pessoa(id_vaquinha_individual, id_pessoa, resposta) VALUES (1, 3, 'Sophia');
INSERT INTO Vaquinha_Individual_Pessoa(id_vaquinha_individual, id_pessoa, resposta) VALUES (1, 6, 'Laura');
INSERT INTO Vaquinha_Individual_Pessoa(id_vaquinha_individual, id_pessoa, resposta) VALUES (1, 10, 'Heloisa');
INSERT INTO Vaquinha_Individual_Pessoa(id_vaquinha_individual, id_pessoa, resposta) VALUES (1, 13, 'Lorena');
INSERT INTO Vaquinha_Individual_Pessoa(id_vaquinha_individual, id_pessoa, resposta) VALUES (1, 14, 'Lívia');
INSERT INTO Vaquinha_Individual_Pessoa(id_vaquinha_individual, id_pessoa, resposta) VALUES (1, 16, 'Isadora');
INSERT INTO Vaquinha_Individual_Pessoa(id_vaquinha_individual, id_pessoa, resposta) VALUES (1, 18, 'Mariana');
INSERT INTO Vaquinha_Individual_Pessoa(id_vaquinha_individual, id_pessoa, resposta) VALUES (1, 21, 'Lara');
INSERT INTO Vaquinha_Individual_Pessoa(id_vaquinha_individual, id_pessoa, resposta) VALUES (1, 22, 'Miguel');
INSERT INTO Vaquinha_Individual_Pessoa(id_vaquinha_individual, id_pessoa, resposta) VALUES (1, 23, 'Arthur');
INSERT INTO Vaquinha_Individual_Pessoa(id_vaquinha_individual, id_pessoa, resposta) VALUES (1, 25, 'Heitor');
INSERT INTO Vaquinha_Individual_Pessoa(id_vaquinha_individual, id_pessoa, resposta) VALUES (1, 26, 'Davi');
INSERT INTO Vaquinha_Individual_Pessoa(id_vaquinha_individual, id_pessoa, resposta) VALUES (1, 27, 'Lorenzo');
INSERT INTO Vaquinha_Individual_Pessoa(id_vaquinha_individual, id_pessoa, resposta) VALUES (1, 28, 'Theo');
INSERT INTO Vaquinha_Individual_Pessoa(id_vaquinha_individual, id_pessoa, resposta) VALUES (1, 30, 'Gabriel');
INSERT INTO Vaquinha_Individual_Pessoa(id_vaquinha_individual, id_pessoa, resposta) VALUES (1, 31, 'Enzo');
INSERT INTO Vaquinha_Individual_Pessoa(id_vaquinha_individual, id_pessoa, resposta) VALUES (1, 32, 'Matheus');
INSERT INTO Vaquinha_Individual_Pessoa(id_vaquinha_individual, id_pessoa, resposta) VALUES (1, 34, 'Benjamin');
INSERT INTO Vaquinha_Individual_Pessoa(id_vaquinha_individual, id_pessoa, resposta) VALUES (1, 35, 'Nicolas');
INSERT INTO Vaquinha_Individual_Pessoa(id_vaquinha_individual, id_pessoa, resposta) VALUES (1, 36, 'Guilherme');
INSERT INTO Vaquinha_Individual_Pessoa(id_vaquinha_individual, id_pessoa, resposta) VALUES (1, 37, 'Rafael');
INSERT INTO Vaquinha_Individual_Pessoa(id_vaquinha_individual, id_pessoa, resposta) VALUES (1, 38, 'Joaquim');
INSERT INTO Vaquinha_Individual_Pessoa(id_vaquinha_individual, id_pessoa, resposta) VALUES (1, 39, 'Samuel');
